timestamp,content
Fri Jul 04 23:59:49 +0000 2025,"Kiểu này lại “giá buốt dang đôi tay ôm ta thay cho những hơi ấm” rồi. #Bitcoin .

Bán hay không bán thì $BTC cũng không rugs đâu, cùng lắm thì bác Mai Cồ mua lại. 🤣"
Fri Jul 04 23:58:48 +0000 2025,".....pensate ancora che basti stampare moneta a cazzo per tamponare il fallimento monetario globale già in atto?!?
L'unica salvaguardia individuale è #bitcoin, non confidate negli Stati già falliti, aprite gli occhi!!!
👇👇👇"
Fri Jul 04 23:58:22 +0000 2025,Trumps bill should give every child born $1000 in #Bitcoin It would be worth way more than the S&amp;P.
Fri Jul 04 23:57:50 +0000 2025,"Why You’re Always Late in Crypto

If you’re always buying AFTER the pump or selling BEFORE the reversal...

You don’t need more charts —

You need better SIGNALS. 🧠📊

Here’s how I catch market-moving crypto news before CT wakes up:
🧵👇

#CryptoTrading #Bitcoin #ETH #memecoin"
Fri Jul 04 23:57:05 +0000 2025,"انخفضت قيمة #MYX إلى ما يزيد عن +945%  وقمنا بتأمين أرباحنا من خلال الدخول قبل الهبوط مباشرةً 👌🔥

#Bitcoin #BTC #البتكوين #بيتكوين #العملات_الرقمية 

#الهلال_فلومينينسي https://t.co/2sfQEeSKpV"
Fri Jul 04 23:56:45 +0000 2025,"#Bitcoin's Remarkable Profitability Milestone ??

Almost all Bitcoin holders (98.9%) are currently in profit according to IntoTheBlock data, representing a staggering $2.17 trillion worth of BTC purchased below current prices. This unprecedented profitability suggests minimal"
Fri Jul 04 23:56:26 +0000 2025,"@DarkSide2030_ It could be the 21st Century version of the FDR 
E.O. 6102 April 5, 1933 w/a May 1, 1933 deadline.

Hard, physical gold then.

Possible #Bitcoin #BTC in the near future."
Fri Jul 04 23:56:02 +0000 2025,"Help a veteran's grandson pay off debt and make a difference today!

$DerrickLemke -Cashapp
DerrickLemke -Paypal
drock5690 -Venmo

Crypto:
bc1qvl6pksm6y4cdq7c89wyvq7zqvtw8fgq65a8hwk (#Bitcoin, BTC, Segwit, OKX)

1DCPQuG6p8t4d5WQR22T5moSrAR3eYXzNb (Bitcoin, #BTC, Legacy, OKX) 🙏😇 https://t.co/x8AeEYKQSC"
Fri Jul 04 23:55:48 +0000 2025,"👁️Useful tool to use👁️

#Bitcoin #Altcoins #Crypto https://t.co/62Ktbn1u3R"
Fri Jul 04 23:55:33 +0000 2025,"In the spirit of July 4th- we celebrate freedom.But real freedom today?_It’s owning your time, your money, your future.
Financial freedom is the new independence.
#Bitcoin #July4th #FinancialFreedom"
Fri Jul 04 23:55:31 +0000 2025,"@JakeGagain For twelve months, yes, then chuck whatever's left back into #Bitcoin"
Fri Jul 04 23:55:30 +0000 2025,"Today's Cryptocurrency Prices 07/04/2025 @ 06:27 PM #Bitcoin #Ethereum #cryptocrash #bnb #xrp #cryptocurrency #crypto #cardano #defidan7
@XRP_Alerts @Bitcoin @ethereum @cz_binance https://t.co/d8nghVhM4A"
Fri Jul 04 23:55:06 +0000 2025,"🏛️ The Big Beautiful Bill could trigger Treasury's General Account refill, creating massive liquidity drain. But the GENIUS Act enables banks to use stablecoins for treasury purchases, reducing national debt. Politics meets crypto infrastructure. Game changer.
#Crypto #Bitcoin"
Fri Jul 04 23:55:01 +0000 2025,"President Trump officially signs the 'One Big Beautiful Bill' into law.

#bitcoin #crypto https://t.co/GEkDdFpBJv"
Wed Jul 09 23:59:47 +0000 2025,#Bitcoin #BTC
Wed Jul 09 23:59:36 +0000 2025,Bitcoin Surges After Swing Support — Is Ethereum Turning Up? #Bitcoin #SwingSupport #PriceSpike #Ethereum #ShortTermTrend #CryptoAnalysis #TradingStrategy https://t.co/AP7zDaeU3q 출처 @YouTube
Wed Jul 09 23:59:11 +0000 2025,Bitcoin Surges After Swing Support — Is Ethereum Turning Up? #Bitcoin #SwingSupport #PriceSpike #Ethereum #ShortTermTrend #CryptoAnalysis #TradingStrategy    https://t.co/a3ZCLXXvih 출처 @YouTube
Wed Jul 09 23:59:04 +0000 2025,"🔥🤑 ¿Piensas que las billeteras cripto son seguras? ¡Piénsalo dos veces! ¿Realmente protegen tus inversiones? Descúbrelo aquí 🔥🔒 #Criptomonedas #Bitcoin 🚀 ¡No te pierdas esta guía completa! 🤯  https://t.co/EvoyZo4BNe 
_&gt;.^"
Wed Jul 09 23:58:53 +0000 2025,"Bitcoin is knocking on $112K again — breakout or bull trap?

📈 Trend: Bullish
🔍 RSI: Gaining strength
💥 Key Level: $113K

What’s next for BTC?👇

#Bitcoin #BTC #CryptoPoll #CryptoTrading #BTCAnalysis"
Wed Jul 09 23:58:45 +0000 2025,"$FET free signal 4th target Hit 🎯

Hit likes 🚨🚨
.

..

 .
.
.
.

#Bitcoin #altcoin #btc #memecoin $btc $fet $woo $inj $qnt $tsuka $azero $mlt $rndr $rose $link $xrp $pepe #iran #qatar #usa #IsraelIran #aespa $btc #SB19 #husdt #riyadh #helevier #Crypto #bbtvi #paofc #ai https://t.co/MNxZHifDP9"
Wed Jul 09 23:58:24 +0000 2025,"Anyway, retest of the pennant held, and #Bitcoin is taking off.

Follow us on Telegram for FREE instant Crypto Signals🚀
https://t.co/cxWrjpTs3k

$SOL $BONK $POPCAT $DOGE $SHIB $PEPE $GIGA https://t.co/APToANt8bI"
Wed Jul 09 23:58:20 +0000 2025,"day #2 bull posting #buttcoin till it hits $1. one of the most attractive things about buttcoin is how clear the meme is. you don’t get much more simple than the original memers of #bitcoin 

‘the next bitcoin’. community is established &amp; already has buttcoiners that will forever"
